<?xml version="1.0" encoding="UTF-8" standalone="yes"?>
<content>
    <qradarversion>2021.6.7.20230822112654</qradarversion>
    <application_zip>
        <filedata>installed_application-ContentExport-20250809180205/1203.zip</filedata>
        <id>/store/qapp/1203/1203.zip</id>
    </application_zip>
    <installed_application>
        <image>qradar-app-base:4.0.2</image>
        <installed_by></installed_by>
        <memory>800</memory>
        <single_instance_only>false</single_instance_only>
        <manifest>{&quot;name&quot;:&quot;IBM QRadar SOAR Plugin&quot;,&quot;description&quot;:&quot;Integration with incidents in SOAR&quot;,&quot;image&quot;:&quot;qradar-app-base:4.0.0&quot;,&quot;version&quot;:&quot;5.6.2&quot;,&quot;uuid&quot;:&quot;77f56be5-3a24-4183-8654-da141c3853a7&quot;,&quot;resources&quot;:{&quot;memory&quot;:800},&quot;multitenancy_safe&quot;:&quot;true&quot;,&quot;console_ip&quot;:&quot;&quot;,&quot;log_level&quot;:&quot;info&quot;,&quot;rest_methods&quot;:[{&quot;name&quot;:&quot;escalateURL&quot;,&quot;method&quot;:&quot;GET&quot;,&quot;url&quot;:&quot;/escalate_url&quot;,&quot;argument_names&quot;:[&quot;context&quot;,&quot;offenses&quot;,&quot;template_filename&quot;]},{&quot;name&quot;:&quot;escalateREST&quot;,&quot;method&quot;:&quot;GET&quot;,&quot;url&quot;:&quot;/escalate_rest&quot;,&quot;argument_names&quot;:[&quot;context&quot;,&quot;offenses&quot;,&quot;template_filename&quot;]},{&quot;name&quot;:&quot;escalateButtonData&quot;,&quot;method&quot;:&quot;GET&quot;,&quot;url&quot;:&quot;/get_escalate_button_data&quot;,&quot;argument_names&quot;:[&quot;context&quot;]},{&quot;name&quot;:&quot;ipRightClick&quot;,&quot;method&quot;:&quot;GET&quot;,&quot;url&quot;:&quot;/ip_right_click&quot;,&quot;argument_names&quot;:[&quot;context&quot;]},{&quot;name&quot;:&quot;pollerStatusDashboard&quot;,&quot;method&quot;:&quot;GET&quot;,&quot;url&quot;:&quot;/poller_dashboard&quot;,&quot;argument_names&quot;:[]},{&quot;name&quot;:&quot;uninstallCleanup&quot;,&quot;method&quot;:&quot;POST&quot;,&quot;url&quot;:&quot;/uninstall_cleanup&quot;,&quot;required_capabilities&quot;:[&quot;ConfigServices&quot;]},{&quot;name&quot;:&quot;download_logconf&quot;,&quot;method&quot;:&quot;GET&quot;,&quot;url&quot;:&quot;/download_logconf&quot;,&quot;required_capabilities&quot;:[&quot;ADMIN&quot;]},{&quot;name&quot;:&quot;download_logconf/&quot;,&quot;method&quot;:&quot;GET&quot;,&quot;url&quot;:&quot;/download_logconf/&quot;,&quot;required_capabilities&quot;:[&quot;ADMIN&quot;]},{&quot;name&quot;:&quot;new_test_connection&quot;,&quot;method&quot;:&quot;GET&quot;,&quot;url&quot;:&quot;/new_test_connection&quot;,&quot;required_capabilities&quot;:[&quot;ADMIN&quot;]},{&quot;name&quot;:&quot;refresh_test_connection_status&quot;,&quot;method&quot;:&quot;GET&quot;,&quot;url&quot;:&quot;/refresh_test_connection_status&quot;,&quot;required_capabilities&quot;:[&quot;ADMIN&quot;]},{&quot;name&quot;:&quot;config_push&quot;,&quot;method&quot;:&quot;GET&quot;,&quot;url&quot;:&quot;/config_push&quot;,&quot;required_capabilities&quot;:[&quot;ADMIN&quot;]},{&quot;name&quot;:&quot;/download_template&quot;,&quot;method&quot;:&quot;GET&quot;,&quot;url&quot;:&quot;/download_template&quot;,&quot;required_capabilities&quot;:[&quot;ADMIN&quot;]},{&quot;name&quot;:&quot;/download_template/&quot;,&quot;method&quot;:&quot;GET&quot;,&quot;url&quot;:&quot;/download_template/&quot;,&quot;required_capabilities&quot;:[&quot;ADMIN&quot;]},{&quot;name&quot;:&quot;/delete_template&quot;,&quot;method&quot;:&quot;GET&quot;,&quot;url&quot;:&quot;/delete_template&quot;,&quot;required_capabilities&quot;:[&quot;ADMIN&quot;]},{&quot;name&quot;:&quot;/delete_template/&quot;,&quot;method&quot;:&quot;GET&quot;,&quot;url&quot;:&quot;/delete_template/&quot;,&quot;required_capabilities&quot;:[&quot;ADMIN&quot;]},{&quot;name&quot;:&quot;/update_template&quot;,&quot;method&quot;:&quot;GET&quot;,&quot;url&quot;:&quot;/update_template&quot;,&quot;required_capabilities&quot;:[&quot;ADMIN&quot;]},{&quot;name&quot;:&quot;/update_template/&quot;,&quot;method&quot;:&quot;GET&quot;,&quot;url&quot;:&quot;/update_template/&quot;,&quot;required_capabilities&quot;:[&quot;ADMIN&quot;]},{&quot;name&quot;:&quot;/advanced_mapping_screen&quot;,&quot;method&quot;:&quot;GET&quot;,&quot;url&quot;:&quot;/advanced_mapping_screen&quot;,&quot;required_capabilities&quot;:[&quot;ADMIN&quot;]},{&quot;name&quot;:&quot;/advanced_mapping_screen/&quot;,&quot;method&quot;:&quot;GET&quot;,&quot;url&quot;:&quot;/advanced_mapping_screen/&quot;,&quot;required_capabilities&quot;:[&quot;ADMIN&quot;]},{&quot;name&quot;:&quot;/advanced_mapping_screen/&quot;,&quot;method&quot;:&quot;POST&quot;,&quot;url&quot;:&quot;/advanced_mapping_screen/&quot;,&quot;required_capabilities&quot;:[&quot;ADMIN&quot;]},{&quot;name&quot;:&quot;/advanced_mapping_screen&quot;,&quot;method&quot;:&quot;POST&quot;,&quot;url&quot;:&quot;/advanced_mapping_screen&quot;,&quot;required_capabilities&quot;:[&quot;ADMIN&quot;]},{&quot;name&quot;:&quot;mapping_screen&quot;,&quot;method&quot;:&quot;GET&quot;,&quot;url&quot;:&quot;/mapping_screen&quot;,&quot;required_capabilities&quot;:[&quot;ADMIN&quot;]},{&quot;name&quot;:&quot;mapping_screen&quot;,&quot;method&quot;:&quot;POST&quot;,&quot;url&quot;:&quot;/mapping_screen&quot;,&quot;required_capabilities&quot;:[&quot;ADMIN&quot;]},{&quot;name&quot;:&quot;mapping_screen/&quot;,&quot;method&quot;:&quot;GET&quot;,&quot;url&quot;:&quot;/mapping_screen/&quot;,&quot;required_capabilities&quot;:[&quot;ADMIN&quot;]},{&quot;name&quot;:&quot;mapping_screen/&quot;,&quot;method&quot;:&quot;POST&quot;,&quot;url&quot;:&quot;/mapping_screen/&quot;,&quot;required_capabilities&quot;:[&quot;ADMIN&quot;]},{&quot;name&quot;:&quot;delete_connection_and_destination&quot;,&quot;method&quot;:&quot;GET&quot;,&quot;url&quot;:&quot;/delete_connection_and_destination&quot;,&quot;required_capabilities&quot;:[&quot;ADMIN&quot;]},{&quot;name&quot;:&quot;check_config_push&quot;,&quot;method&quot;:&quot;GET&quot;,&quot;url&quot;:&quot;/check_config_push&quot;,&quot;required_capabilities&quot;:[&quot;ADMIN&quot;]},{&quot;name&quot;:&quot;check_config_push/&quot;,&quot;method&quot;:&quot;GET&quot;,&quot;url&quot;:&quot;/check_config_push/&quot;,&quot;required_capabilities&quot;:[&quot;ADMIN&quot;]}],&quot;dashboard_items&quot;:[{&quot;text&quot;:&quot;SOAR App: Poller status&quot;,&quot;description&quot;:&quot;Dashboard item displaying current status of the poller and some of its recent status changes.&quot;,&quot;rest_method&quot;:&quot;pollerStatusDashboard&quot;}],&quot;configuration_pages&quot;:[{&quot;text&quot;:&quot;Configuration&quot;,&quot;description&quot;:&quot;Configuration page for connection to SOAR server&quot;,&quot;icon&quot;:&quot;static/images/cases32.png&quot;,&quot;url&quot;:&quot;admin_screen&quot;,&quot;location&quot;:&quot;apps&quot;,&quot;required_capabilities&quot;:[&quot;ADMIN&quot;]}],&quot;gui_actions&quot;:[{&quot;id&quot;:&quot;resilientEscalateToolbarButton&quot;,&quot;text&quot;:&quot;Send to SOAR&quot;,&quot;description&quot;:&quot;Raise a case in SOAR&quot;,&quot;icon&quot;:&quot;static/images/button16.png&quot;,&quot;rest_method&quot;:&quot;escalateButtonData&quot;,&quot;javascript&quot;:&quot;resilient_app_click_escalate_toolbar_button(result)&quot;,&quot;groups&quot;:[&quot;OffenseListToolbar&quot;,&quot;OffenseSummaryToolbar&quot;]},{&quot;id&quot;:&quot;resilientRightClickIP&quot;,&quot;text&quot;:&quot;Add to SOAR&quot;,&quot;description&quot;:&quot;Add to a case in SOAR&quot;,&quot;icon&quot;:&quot;static/images/button16.png&quot;,&quot;rest_method&quot;:&quot;ipRightClick&quot;,&quot;javascript&quot;:&quot;resilient_app_navigate_resilient_url(result)&quot;,&quot;groups&quot;:[&quot;ipPopup&quot;]}],&quot;page_scripts&quot;:[{&quot;app_name&quot;:&quot;*&quot;,&quot;page_id&quot;:&quot;*&quot;,&quot;scripts&quot;:[&quot;static/resilient_artifact.js&quot;,&quot;static/resilient.js&quot;]}],&quot;fragments&quot;:[{&quot;app_name&quot;:&quot;SEM&quot;,&quot;page_id&quot;:&quot;OffenseSummary&quot;,&quot;rest_endpoint&quot;:&quot;api/ui/case_fragment&quot;}],&quot;uninstall_hooks&quot;:[{&quot;description&quot;:&quot;App uninstall cleanup hook for SOAR app&quot;,&quot;rest_method&quot;:&quot;uninstallCleanup&quot;,&quot;last_instance_only&quot;:&quot;false&quot;,&quot;documentation_url&quot;:&quot;https://www.ibm.com/&quot;}]}</manifest>
        <description>Integration with incidents in SOAR</description>
        <ootb_install>false</ootb_install>
        <multitenancy_safe>true</multitenancy_safe>
        <zip_source_file_path>/store/qapp/1203/1203.zip</zip_source_file_path>
        <image_repo>qapp/1203:5.6.2-20250809175919</image_repo>
        <name>IBM QRadar SOAR Plugin</name>
        <installed_on>1754141547733</installed_on>
        <id>1203</id>
        <cpu_share>0.1</cpu_share>
        <status>COMPLETED</status>
    </installed_application>
</content>
